{"cameraMode":{"drawMode":0,"name":"Shaded","section":"Shading Mode"},"sceneLighting":false,"audioPlay":false,"sceneViewState":{"m_AlwaysRefresh":false,"showFog":true,"showSkybox":true,"showFlares":true,"showImageEffects":true,"showParticleSystems":true,"showVisualEffectGraphs":true,"m_FxEnabled":true},"in2DMode":false,"pivot":{"x":-24.168472290039064,"y":-11.60726261138916,"z":605.1408081054688},"rotation":{"x":0.01049881149083376,"y":-0.013498823158442974,"z":0.00014173831732477993,"w":0.999854326248169},"size":275.14691162109377,"orthographic":false}