{"cameraMode":{"drawMode":0,"name":"Shaded","section":"Shading Mode"},"sceneLighting":false,"audioPlay":false,"sceneViewState":{"m_AlwaysRefresh":false,"showFog":true,"showSkybox":true,"showFlares":true,"showImageEffects":true,"showParticleSystems":true,"showVisualEffectGraphs":true,"m_FxEnabled":true},"in2DMode":false,"pivot":{"x":-1.1014177799224854,"y":-36.30168914794922,"z":605.0313110351563},"rotation":{"x":0.026995576918125154,"y":0.008996600285172463,"z":-0.00024296784249600023,"w":0.9995949864387512},"size":1828.6943359375,"orthographic":false}