{"cameraMode":{"drawMode":0,"name":"Shaded","section":"Shading Mode"},"sceneLighting":false,"audioPlay":false,"sceneViewState":{"m_AlwaysRefresh":false,"showFog":true,"showSkybox":true,"showFlares":true,"showImageEffects":true,"showParticleSystems":true,"showVisualEffectGraphs":true,"m_FxEnabled":true},"in2DMode":false,"pivot":{"x":1216.4549560546875,"y":526.727294921875,"z":649.9564208984375},"rotation":{"x":0.01049881149083376,"y":-0.013498823158442974,"z":0.00014173831732477993,"w":0.999854326248169},"size":1436.2144775390625,"orthographic":false}