{"cameraMode":{"drawMode":0,"name":"Shaded","section":"Shading Mode"},"sceneLighting":false,"audioPlay":false,"sceneViewState":{"m_AlwaysRefresh":false,"showFog":true,"showSkybox":true,"showFlares":true,"showImageEffects":true,"showParticleSystems":true,"showVisualEffectGraphs":true,"m_FxEnabled":true},"in2DMode":false,"pivot":{"x":1.0903854370117188,"y":-10.92031478881836,"z":605.837158203125},"rotation":{"x":0.01049881149083376,"y":-0.013498823158442974,"z":0.00014173831732477993,"w":0.999854326248169},"size":273.54437255859377,"orthographic":false}